{
  "schemaVersion": 1,
  "id": "photon",
  "version": "${version}",
  "name": "Photon",
  "description": "This is an example description! Tell everyone what your mod is about!",
  "authors": [
    "Me!"
  ],
  "contact": {
    "homepage": "https://fabricmc.net/",
    "sources": "https://github.com/FabricMC/fabric-example-mod"
  },
  "license": "CC0-1.0",
  "icon": "assets/photon/icon.png",
  "environment": "*",
  "entrypoints": {
    "main": [
      "com.minecraftmod.fabric.ExampleModFabric"
    ],
    "client": [
      "com.minecraftmod.fabric.client.ExampleModFabricClient"
    ]
  },
  "mixins": [
    "photon.mixins.json"
  ],
  "depends": {
    "fabricloader": ">=0.16.0",
    "minecraft": "~1.21",
    "java": ">=21",
    "architectury": ">=13.0.2",
    "fabric-api": "*"
  },
  "suggests": {
    "another-mod": "*"
  }
}
